INDEX,MOVES,PIECE
0,O-O-O,O
1,O-O,O
2,a1h8,Q
3,a1a8,Q
4,a1g7,Q
5,a1a7,Q
6,a1f6,Q
7,a1a6,Q
8,a1e5,Q
9,a1a5,Q
10,a1d4,Q
11,a1a4,Q
12,a1c3,Q
13,a1a3,Q
14,a1b2,Q
15,a1a2,Q
16,a1h1,Q
17,a1g1,Q
18,a1f1,Q
19,a1e1,Q
20,a1d1,Q
21,a1c1,Q
22,a1b1,Q
23,b1b8,Q
24,b1h7,Q
25,b1b7,Q
26,b1g6,Q
27,b1b6,Q
28,b1f5,Q
29,b1b5,Q
30,b1e4,Q
31,b1b4,Q
32,b1d3,Q
33,b1b3,Q
34,b1c2,Q
35,b1b2,Q
36,b1a2,Q
37,b1h1,Q
38,b1g1,Q
39,b1f1,Q
40,b1e1,Q
41,b1d1,Q
42,b1c1,Q
43,b1a1,Q
44,c1c8,Q
45,c1c7,Q
46,c1h6,Q
47,c1c6,Q
48,c1g5,Q
49,c1c5,Q
50,c1f4,Q
51,c1c4,Q
52,c1e3,Q
53,c1c3,Q
54,c1a3,Q
55,c1d2,Q
56,c1c2,Q
57,c1b2,Q
58,c1h1,Q
59,c1g1,Q
60,c1f1,Q
61,c1e1,Q
62,c1d1,Q
63,c1b1,Q
64,c1a1,Q
65,d1d8,Q
66,d1d7,Q
67,d1d6,Q
68,d1h5,Q
69,d1d5,Q
70,d1g4,Q
71,d1d4,Q
72,d1a4,Q
73,d1f3,Q
74,d1d3,Q
75,d1b3,Q
76,d1e2,Q
77,d1d2,Q
78,d1c2,Q
79,d1h1,Q
80,d1g1,Q
81,d1f1,Q
82,d1e1,Q
83,d1c1,Q
84,d1b1,Q
85,d1a1,Q
86,e1e8,Q
87,e1e7,Q
88,e1e6,Q
89,e1e5,Q
90,e1a5,Q
91,e1h4,Q
92,e1e4,Q
93,e1b4,Q
94,e1g3,Q
95,e1e3,Q
96,e1c3,Q
97,e1f2,Q
98,e1e2,Q
99,e1d2,Q
100,e1h1,Q
101,e1g1,Q
102,e1f1,Q
103,e1d1,Q
104,e1c1,Q
105,e1b1,Q
106,e1a1,Q
107,f1f8,Q
108,f1f7,Q
109,f1f6,Q
110,f1a6,Q
111,f1f5,Q
112,f1b5,Q
113,f1f4,Q
114,f1c4,Q
115,f1h3,Q
116,f1f3,Q
117,f1d3,Q
118,f1g2,Q
119,f1f2,Q
120,f1e2,Q
121,f1h1,Q
122,f1g1,Q
123,f1e1,Q
124,f1d1,Q
125,f1c1,Q
126,f1b1,Q
127,f1a1,Q
128,g1g8,Q
129,g1g7,Q
130,g1a7,Q
131,g1g6,Q
132,g1b6,Q
133,g1g5,Q
134,g1c5,Q
135,g1g4,Q
136,g1d4,Q
137,g1g3,Q
138,g1e3,Q
139,g1h2,Q
140,g1g2,Q
141,g1f2,Q
142,g1h1,Q
143,g1f1,Q
144,g1e1,Q
145,g1d1,Q
146,g1c1,Q
147,g1b1,Q
148,g1a1,Q
149,h1h8,Q
150,h1a8,Q
151,h1h7,Q
152,h1b7,Q
153,h1h6,Q
154,h1c6,Q
155,h1h5,Q
156,h1d5,Q
157,h1h4,Q
158,h1e4,Q
159,h1h3,Q
160,h1f3,Q
161,h1h2,Q
162,h1g2,Q
163,h1g1,Q
164,h1f1,Q
165,h1e1,Q
166,h1d1,Q
167,h1c1,Q
168,h1b1,Q
169,h1a1,Q
170,a2g8,Q
171,a2a8,Q
172,a2f7,Q
173,a2a7,Q
174,a2e6,Q
175,a2a6,Q
176,a2d5,Q
177,a2a5,Q
178,a2c4,Q
179,a2a4,Q
180,a2b3,Q
181,a2a3,Q
182,a2h2,Q
183,a2g2,Q
184,a2f2,Q
185,a2e2,Q
186,a2d2,Q
187,a2c2,Q
188,a2b2,Q
189,a2b1,Q
190,a2a1,Q
191,b2h8,Q
192,b2b8,Q
193,b2g7,Q
194,b2b7,Q
195,b2f6,Q
196,b2b6,Q
197,b2e5,Q
198,b2b5,Q
199,b2d4,Q
200,b2b4,Q
201,b2c3,Q
202,b2b3,Q
203,b2a3,Q
204,b2h2,Q
205,b2g2,Q
206,b2f2,Q
207,b2e2,Q
208,b2d2,Q
209,b2c2,Q
210,b2a2,Q
211,b2c1,Q
212,b2b1,Q
213,b2a1,Q
214,c2c8,Q
215,c2h7,Q
216,c2c7,Q
217,c2g6,Q
218,c2c6,Q
219,c2f5,Q
220,c2c5,Q
221,c2e4,Q
222,c2c4,Q
223,c2a4,Q
224,c2d3,Q
225,c2c3,Q
226,c2b3,Q
227,c2h2,Q
228,c2g2,Q
229,c2f2,Q
230,c2e2,Q
231,c2d2,Q
232,c2b2,Q
233,c2a2,Q
234,c2d1,Q
235,c2c1,Q
236,c2b1,Q
237,d2d8,Q
238,d2d7,Q
239,d2h6,Q
240,d2d6,Q
241,d2g5,Q
242,d2d5,Q
243,d2a5,Q
244,d2f4,Q
245,d2d4,Q
246,d2b4,Q
247,d2e3,Q
248,d2d3,Q
249,d2c3,Q
250,d2h2,Q
251,d2g2,Q
252,d2f2,Q
253,d2e2,Q
254,d2c2,Q
255,d2b2,Q
256,d2a2,Q
257,d2e1,Q
258,d2d1,Q
259,d2c1,Q
260,e2e8,Q
261,e2e7,Q
262,e2e6,Q
263,e2a6,Q
264,e2h5,Q
265,e2e5,Q
266,e2b5,Q
267,e2g4,Q
268,e2e4,Q
269,e2c4,Q
270,e2f3,Q
271,e2e3,Q
272,e2d3,Q
273,e2h2,Q
274,e2g2,Q
275,e2f2,Q
276,e2d2,Q
277,e2c2,Q
278,e2b2,Q
279,e2a2,Q
280,e2f1,Q
281,e2e1,Q
282,e2d1,Q
283,f2f8,Q
284,f2f7,Q
285,f2a7,Q
286,f2f6,Q
287,f2b6,Q
288,f2f5,Q
289,f2c5,Q
290,f2h4,Q
291,f2f4,Q
292,f2d4,Q
293,f2g3,Q
294,f2f3,Q
295,f2e3,Q
296,f2h2,Q
297,f2g2,Q
298,f2e2,Q
299,f2d2,Q
300,f2c2,Q
301,f2b2,Q
302,f2a2,Q
303,f2g1,Q
304,f2f1,Q
305,f2e1,Q
306,g2g8,Q
307,g2a8,Q
308,g2g7,Q
309,g2b7,Q
310,g2g6,Q
311,g2c6,Q
312,g2g5,Q
313,g2d5,Q
314,g2g4,Q
315,g2e4,Q
316,g2h3,Q
317,g2g3,Q
318,g2f3,Q
319,g2h2,Q
320,g2f2,Q
321,g2e2,Q
322,g2d2,Q
323,g2c2,Q
324,g2b2,Q
325,g2a2,Q
326,g2h1,Q
327,g2g1,Q
328,g2f1,Q
329,h2h8,Q
330,h2b8,Q
331,h2h7,Q
332,h2c7,Q
333,h2h6,Q
334,h2d6,Q
335,h2h5,Q
336,h2e5,Q
337,h2h4,Q
338,h2f4,Q
339,h2h3,Q
340,h2g3,Q
341,h2g2,Q
342,h2f2,Q
343,h2e2,Q
344,h2d2,Q
345,h2c2,Q
346,h2b2,Q
347,h2a2,Q
348,h2h1,Q
349,h2g1,Q
350,a3f8,Q
351,a3a8,Q
352,a3e7,Q
353,a3a7,Q
354,a3d6,Q
355,a3a6,Q
356,a3c5,Q
357,a3a5,Q
358,a3b4,Q
359,a3a4,Q
360,a3h3,Q
361,a3g3,Q
362,a3f3,Q
363,a3e3,Q
364,a3d3,Q
365,a3c3,Q
366,a3b3,Q
367,a3b2,Q
368,a3a2,Q
369,a3c1,Q
370,a3a1,Q
371,b3g8,Q
372,b3b8,Q
373,b3f7,Q
374,b3b7,Q
375,b3e6,Q
376,b3b6,Q
377,b3d5,Q
378,b3b5,Q
379,b3c4,Q
380,b3b4,Q
381,b3a4,Q
382,b3h3,Q
383,b3g3,Q
384,b3f3,Q
385,b3e3,Q
386,b3d3,Q
387,b3c3,Q
388,b3a3,Q
389,b3c2,Q
390,b3b2,Q
391,b3a2,Q
392,b3d1,Q
393,b3b1,Q
394,c3h8,Q
395,c3c8,Q
396,c3g7,Q
397,c3c7,Q
398,c3f6,Q
399,c3c6,Q
400,c3e5,Q
401,c3c5,Q
402,c3a5,Q
403,c3d4,Q
404,c3c4,Q
405,c3b4,Q
406,c3h3,Q
407,c3g3,Q
408,c3f3,Q
409,c3e3,Q
410,c3d3,Q
411,c3b3,Q
412,c3a3,Q
413,c3d2,Q
414,c3c2,Q
415,c3b2,Q
416,c3e1,Q
417,c3c1,Q
418,c3a1,Q
419,d3d8,Q
420,d3h7,Q
421,d3d7,Q
422,d3g6,Q
423,d3d6,Q
424,d3a6,Q
425,d3f5,Q
426,d3d5,Q
427,d3b5,Q
428,d3e4,Q
429,d3d4,Q
430,d3c4,Q
431,d3h3,Q
432,d3g3,Q
433,d3f3,Q
434,d3e3,Q
435,d3c3,Q
436,d3b3,Q
437,d3a3,Q
438,d3e2,Q
439,d3d2,Q
440,d3c2,Q
441,d3f1,Q
442,d3d1,Q
443,d3b1,Q
444,e3e8,Q
445,e3e7,Q
446,e3a7,Q
447,e3h6,Q
448,e3e6,Q
449,e3b6,Q
450,e3g5,Q
451,e3e5,Q
452,e3c5,Q
453,e3f4,Q
454,e3e4,Q
455,e3d4,Q
456,e3h3,Q
457,e3g3,Q
458,e3f3,Q
459,e3d3,Q
460,e3c3,Q
461,e3b3,Q
462,e3a3,Q
463,e3f2,Q
464,e3e2,Q
465,e3d2,Q
466,e3g1,Q
467,e3e1,Q
468,e3c1,Q
469,f3f8,Q
470,f3a8,Q
471,f3f7,Q
472,f3b7,Q
473,f3f6,Q
474,f3c6,Q
475,f3h5,Q
476,f3f5,Q
477,f3d5,Q
478,f3g4,Q
479,f3f4,Q
480,f3e4,Q
481,f3h3,Q
482,f3g3,Q
483,f3e3,Q
484,f3d3,Q
485,f3c3,Q
486,f3b3,Q
487,f3a3,Q
488,f3g2,Q
489,f3f2,Q
490,f3e2,Q
491,f3h1,Q
492,f3f1,Q
493,f3d1,Q
494,g3g8,Q
495,g3b8,Q
496,g3g7,Q
497,g3c7,Q
498,g3g6,Q
499,g3d6,Q
500,g3g5,Q
501,g3e5,Q
502,g3h4,Q
503,g3g4,Q
504,g3f4,Q
505,g3h3,Q
506,g3f3,Q
507,g3e3,Q
508,g3d3,Q
509,g3c3,Q
510,g3b3,Q
511,g3a3,Q
512,g3h2,Q
513,g3g2,Q
514,g3f2,Q
515,g3g1,Q
516,g3e1,Q
517,h3h8,Q
518,h3c8,Q
519,h3h7,Q
520,h3d7,Q
521,h3h6,Q
522,h3e6,Q
523,h3h5,Q
524,h3f5,Q
525,h3h4,Q
526,h3g4,Q
527,h3g3,Q
528,h3f3,Q
529,h3e3,Q
530,h3d3,Q
531,h3c3,Q
532,h3b3,Q
533,h3a3,Q
534,h3h2,Q
535,h3g2,Q
536,h3h1,Q
537,h3f1,Q
538,a4e8,Q
539,a4a8,Q
540,a4d7,Q
541,a4a7,Q
542,a4c6,Q
543,a4a6,Q
544,a4b5,Q
545,a4a5,Q
546,a4h4,Q
547,a4g4,Q
548,a4f4,Q
549,a4e4,Q
550,a4d4,Q
551,a4c4,Q
552,a4b4,Q
553,a4b3,Q
554,a4a3,Q
555,a4c2,Q
556,a4a2,Q
557,a4d1,Q
558,a4a1,Q
559,b4f8,Q
560,b4b8,Q
561,b4e7,Q
562,b4b7,Q
563,b4d6,Q
564,b4b6,Q
565,b4c5,Q
566,b4b5,Q
567,b4a5,Q
568,b4h4,Q
569,b4g4,Q
570,b4f4,Q
571,b4e4,Q
572,b4d4,Q
573,b4c4,Q
574,b4a4,Q
575,b4c3,Q
576,b4b3,Q
577,b4a3,Q
578,b4d2,Q
579,b4b2,Q
580,b4e1,Q
581,b4b1,Q
582,c4g8,Q
583,c4c8,Q
584,c4f7,Q
585,c4c7,Q
586,c4e6,Q
587,c4c6,Q
588,c4a6,Q
589,c4d5,Q
590,c4c5,Q
591,c4b5,Q
592,c4h4,Q
593,c4g4,Q
594,c4f4,Q
595,c4e4,Q
596,c4d4,Q
597,c4b4,Q
598,c4a4,Q
599,c4d3,Q
600,c4c3,Q
601,c4b3,Q
602,c4e2,Q
603,c4c2,Q
604,c4a2,Q
605,c4f1,Q
606,c4c1,Q
607,d4h8,Q
608,d4d8,Q
609,d4g7,Q
610,d4d7,Q
611,d4a7,Q
612,d4f6,Q
613,d4d6,Q
614,d4b6,Q
615,d4e5,Q
616,d4d5,Q
617,d4c5,Q
618,d4h4,Q
619,d4g4,Q
620,d4f4,Q
621,d4e4,Q
622,d4c4,Q
623,d4b4,Q
624,d4a4,Q
625,d4e3,Q
626,d4d3,Q
627,d4c3,Q
628,d4f2,Q
629,d4d2,Q
630,d4b2,Q
631,d4g1,Q
632,d4d1,Q
633,d4a1,Q
634,e4e8,Q
635,e4a8,Q
636,e4h7,Q
637,e4e7,Q
638,e4b7,Q
639,e4g6,Q
640,e4e6,Q
641,e4c6,Q
642,e4f5,Q
643,e4e5,Q
644,e4d5,Q
645,e4h4,Q
646,e4g4,Q
647,e4f4,Q
648,e4d4,Q
649,e4c4,Q
650,e4b4,Q
651,e4a4,Q
652,e4f3,Q
653,e4e3,Q
654,e4d3,Q
655,e4g2,Q
656,e4e2,Q
657,e4c2,Q
658,e4h1,Q
659,e4e1,Q
660,e4b1,Q
661,f4f8,Q
662,f4b8,Q
663,f4f7,Q
664,f4c7,Q
665,f4h6,Q
666,f4f6,Q
667,f4d6,Q
668,f4g5,Q
669,f4f5,Q
670,f4e5,Q
671,f4h4,Q
672,f4g4,Q
673,f4e4,Q
674,f4d4,Q
675,f4c4,Q
676,f4b4,Q
677,f4a4,Q
678,f4g3,Q
679,f4f3,Q
680,f4e3,Q
681,f4h2,Q
682,f4f2,Q
683,f4d2,Q
684,f4f1,Q
685,f4c1,Q
686,g4g8,Q
687,g4c8,Q
688,g4g7,Q
689,g4d7,Q
690,g4g6,Q
691,g4e6,Q
692,g4h5,Q
693,g4g5,Q
694,g4f5,Q
695,g4h4,Q
696,g4f4,Q
697,g4e4,Q
698,g4d4,Q
699,g4c4,Q
700,g4b4,Q
701,g4a4,Q
702,g4h3,Q
703,g4g3,Q
704,g4f3,Q
705,g4g2,Q
706,g4e2,Q
707,g4g1,Q
708,g4d1,Q
709,h4h8,Q
710,h4d8,Q
711,h4h7,Q
712,h4e7,Q
713,h4h6,Q
714,h4f6,Q
715,h4h5,Q
716,h4g5,Q
717,h4g4,Q
718,h4f4,Q
719,h4e4,Q
720,h4d4,Q
721,h4c4,Q
722,h4b4,Q
723,h4a4,Q
724,h4h3,Q
725,h4g3,Q
726,h4h2,Q
727,h4f2,Q
728,h4h1,Q
729,h4e1,Q
730,a5d8,Q
731,a5a8,Q
732,a5c7,Q
733,a5a7,Q
734,a5b6,Q
735,a5a6,Q
736,a5h5,Q
737,a5g5,Q
738,a5f5,Q
739,a5e5,Q
740,a5d5,Q
741,a5c5,Q
742,a5b5,Q
743,a5b4,Q
744,a5a4,Q
745,a5c3,Q
746,a5a3,Q
747,a5d2,Q
748,a5a2,Q
749,a5e1,Q
750,a5a1,Q
751,b5e8,Q
752,b5b8,Q
753,b5d7,Q
754,b5b7,Q
755,b5c6,Q
756,b5b6,Q
757,b5a6,Q
758,b5h5,Q
759,b5g5,Q
760,b5f5,Q
761,b5e5,Q
762,b5d5,Q
763,b5c5,Q
764,b5a5,Q
765,b5c4,Q
766,b5b4,Q
767,b5a4,Q
768,b5d3,Q
769,b5b3,Q
770,b5e2,Q
771,b5b2,Q
772,b5f1,Q
773,b5b1,Q
774,c5f8,Q
775,c5c8,Q
776,c5e7,Q
777,c5c7,Q
778,c5a7,Q
779,c5d6,Q
780,c5c6,Q
781,c5b6,Q
782,c5h5,Q
783,c5g5,Q
784,c5f5,Q
785,c5e5,Q
786,c5d5,Q
787,c5b5,Q
788,c5a5,Q
789,c5d4,Q
790,c5c4,Q
791,c5b4,Q
792,c5e3,Q
793,c5c3,Q
794,c5a3,Q
795,c5f2,Q
796,c5c2,Q
797,c5g1,Q
798,c5c1,Q
799,d5g8,Q
800,d5d8,Q
801,d5a8,Q
802,d5f7,Q
803,d5d7,Q
804,d5b7,Q
805,d5e6,Q
806,d5d6,Q
807,d5c6,Q
808,d5h5,Q
809,d5g5,Q
810,d5f5,Q
811,d5e5,Q
812,d5c5,Q
813,d5b5,Q
814,d5a5,Q
815,d5e4,Q
816,d5d4,Q
817,d5c4,Q
818,d5f3,Q
819,d5d3,Q
820,d5b3,Q
821,d5g2,Q
822,d5d2,Q
823,d5a2,Q
824,d5h1,Q
825,d5d1,Q
826,e5h8,Q
827,e5e8,Q
828,e5b8,Q
829,e5g7,Q
830,e5e7,Q
831,e5c7,Q
832,e5f6,Q
833,e5e6,Q
834,e5d6,Q
835,e5h5,Q
836,e5g5,Q
837,e5f5,Q
838,e5d5,Q
839,e5c5,Q
840,e5b5,Q
841,e5a5,Q
842,e5f4,Q
843,e5e4,Q
844,e5d4,Q
845,e5g3,Q
846,e5e3,Q
847,e5c3,Q
848,e5h2,Q
849,e5e2,Q
850,e5b2,Q
851,e5e1,Q
852,e5a1,Q
853,f5f8,Q
854,f5c8,Q
855,f5h7,Q
856,f5f7,Q
857,f5d7,Q
858,f5g6,Q
859,f5f6,Q
860,f5e6,Q
861,f5h5,Q
862,f5g5,Q
863,f5e5,Q
864,f5d5,Q
865,f5c5,Q
866,f5b5,Q
867,f5a5,Q
868,f5g4,Q
869,f5f4,Q
870,f5e4,Q
871,f5h3,Q
872,f5f3,Q
873,f5d3,Q
874,f5f2,Q
875,f5c2,Q
876,f5f1,Q
877,f5b1,Q
878,g5g8,Q
879,g5d8,Q
880,g5g7,Q
881,g5e7,Q
882,g5h6,Q
883,g5g6,Q
884,g5f6,Q
885,g5h5,Q
886,g5f5,Q
887,g5e5,Q
888,g5d5,Q
889,g5c5,Q
890,g5b5,Q
891,g5a5,Q
892,g5h4,Q
893,g5g4,Q
894,g5f4,Q
895,g5g3,Q
896,g5e3,Q
897,g5g2,Q
898,g5d2,Q
899,g5g1,Q
900,g5c1,Q
901,h5h8,Q
902,h5e8,Q
903,h5h7,Q
904,h5f7,Q
905,h5h6,Q
906,h5g6,Q
907,h5g5,Q
908,h5f5,Q
909,h5e5,Q
910,h5d5,Q
911,h5c5,Q
912,h5b5,Q
913,h5a5,Q
914,h5h4,Q
915,h5g4,Q
916,h5h3,Q
917,h5f3,Q
918,h5h2,Q
919,h5e2,Q
920,h5h1,Q
921,h5d1,Q
922,a6c8,Q
923,a6a8,Q
924,a6b7,Q
925,a6a7,Q
926,a6h6,Q
927,a6g6,Q
928,a6f6,Q
929,a6e6,Q
930,a6d6,Q
931,a6c6,Q
932,a6b6,Q
933,a6b5,Q
934,a6a5,Q
935,a6c4,Q
936,a6a4,Q
937,a6d3,Q
938,a6a3,Q
939,a6e2,Q
940,a6a2,Q
941,a6f1,Q
942,a6a1,Q
943,b6d8,Q
944,b6b8,Q
945,b6c7,Q
946,b6b7,Q
947,b6a7,Q
948,b6h6,Q
949,b6g6,Q
950,b6f6,Q
951,b6e6,Q
952,b6d6,Q
953,b6c6,Q
954,b6a6,Q
955,b6c5,Q
956,b6b5,Q
957,b6a5,Q
958,b6d4,Q
959,b6b4,Q
960,b6e3,Q
961,b6b3,Q
962,b6f2,Q
963,b6b2,Q
964,b6g1,Q
965,b6b1,Q
966,c6e8,Q
967,c6c8,Q
968,c6a8,Q
969,c6d7,Q
970,c6c7,Q
971,c6b7,Q
972,c6h6,Q
973,c6g6,Q
974,c6f6,Q
975,c6e6,Q
976,c6d6,Q
977,c6b6,Q
978,c6a6,Q
979,c6d5,Q
980,c6c5,Q
981,c6b5,Q
982,c6e4,Q
983,c6c4,Q
984,c6a4,Q
985,c6f3,Q
986,c6c3,Q
987,c6g2,Q
988,c6c2,Q
989,c6h1,Q
990,c6c1,Q
991,d6f8,Q
992,d6d8,Q
993,d6b8,Q
994,d6e7,Q
995,d6d7,Q
996,d6c7,Q
997,d6h6,Q
998,d6g6,Q
999,d6f6,Q
1000,d6e6,Q
1001,d6c6,Q
1002,d6b6,Q
1003,d6a6,Q
1004,d6e5,Q
1005,d6d5,Q
1006,d6c5,Q
1007,d6f4,Q
1008,d6d4,Q
1009,d6b4,Q
1010,d6g3,Q
1011,d6d3,Q
1012,d6a3,Q
1013,d6h2,Q
1014,d6d2,Q
1015,d6d1,Q
1016,e6g8,Q
1017,e6e8,Q
1018,e6c8,Q
1019,e6f7,Q
1020,e6e7,Q
1021,e6d7,Q
1022,e6h6,Q
1023,e6g6,Q
1024,e6f6,Q
1025,e6d6,Q
1026,e6c6,Q
1027,e6b6,Q
1028,e6a6,Q
1029,e6f5,Q
1030,e6e5,Q
1031,e6d5,Q
1032,e6g4,Q
1033,e6e4,Q
1034,e6c4,Q
1035,e6h3,Q
1036,e6e3,Q
1037,e6b3,Q
1038,e6e2,Q
1039,e6a2,Q
1040,e6e1,Q
1041,f6h8,Q
1042,f6f8,Q
1043,f6d8,Q
1044,f6g7,Q
1045,f6f7,Q
1046,f6e7,Q
1047,f6h6,Q
1048,f6g6,Q
1049,f6e6,Q
1050,f6d6,Q
1051,f6c6,Q
1052,f6b6,Q
1053,f6a6,Q
1054,f6g5,Q
1055,f6f5,Q
1056,f6e5,Q
1057,f6h4,Q
1058,f6f4,Q
1059,f6d4,Q
1060,f6f3,Q
1061,f6c3,Q
1062,f6f2,Q
1063,f6b2,Q
1064,f6f1,Q
1065,f6a1,Q
1066,g6g8,Q
1067,g6e8,Q
1068,g6h7,Q
1069,g6g7,Q
1070,g6f7,Q
1071,g6h6,Q
1072,g6f6,Q
1073,g6e6,Q
1074,g6d6,Q
1075,g6c6,Q
1076,g6b6,Q
1077,g6a6,Q
1078,g6h5,Q
1079,g6g5,Q
1080,g6f5,Q
1081,g6g4,Q
1082,g6e4,Q
1083,g6g3,Q
1084,g6d3,Q
1085,g6g2,Q
1086,g6c2,Q
1087,g6g1,Q
1088,g6b1,Q
1089,h6h8,Q
1090,h6f8,Q
1091,h6h7,Q
1092,h6g7,Q
1093,h6g6,Q
1094,h6f6,Q
1095,h6e6,Q
1096,h6d6,Q
1097,h6c6,Q
1098,h6b6,Q
1099,h6a6,Q
1100,h6h5,Q
1101,h6g5,Q
1102,h6h4,Q
1103,h6f4,Q
1104,h6h3,Q
1105,h6e3,Q
1106,h6h2,Q
1107,h6d2,Q
1108,h6h1,Q
1109,h6c1,Q
1110,a7b8,Q
1111,a7a8,Q
1112,a7h7,Q
1113,a7g7,Q
1114,a7f7,Q
1115,a7e7,Q
1116,a7d7,Q
1117,a7c7,Q
1118,a7b7,Q
1119,a7b6,Q
1120,a7a6,Q
1121,a7c5,Q
1122,a7a5,Q
1123,a7d4,Q
1124,a7a4,Q
1125,a7e3,Q
1126,a7a3,Q
1127,a7f2,Q
1128,a7a2,Q
1129,a7g1,Q
1130,a7a1,Q
1131,b7c8,Q
1132,b7b8,Q
1133,b7a8,Q
1134,b7h7,Q
1135,b7g7,Q
1136,b7f7,Q
1137,b7e7,Q
1138,b7d7,Q
1139,b7c7,Q
1140,b7a7,Q
1141,b7c6,Q
1142,b7b6,Q
1143,b7a6,Q
1144,b7d5,Q
1145,b7b5,Q
1146,b7e4,Q
1147,b7b4,Q
1148,b7f3,Q
1149,b7b3,Q
1150,b7g2,Q
1151,b7b2,Q
1152,b7h1,Q
1153,b7b1,Q
1154,c7d8,Q
1155,c7c8,Q
1156,c7b8,Q
1157,c7h7,Q
1158,c7g7,Q
1159,c7f7,Q
1160,c7e7,Q
1161,c7d7,Q
1162,c7b7,Q
1163,c7a7,Q
1164,c7d6,Q
1165,c7c6,Q
1166,c7b6,Q
1167,c7e5,Q
1168,c7c5,Q
1169,c7a5,Q
1170,c7f4,Q
1171,c7c4,Q
1172,c7g3,Q
1173,c7c3,Q
1174,c7h2,Q
1175,c7c2,Q
1176,c7c1,Q
1177,d7e8,Q
1178,d7d8,Q
1179,d7c8,Q
1180,d7h7,Q
1181,d7g7,Q
1182,d7f7,Q
1183,d7e7,Q
1184,d7c7,Q
1185,d7b7,Q
1186,d7a7,Q
1187,d7e6,Q
1188,d7d6,Q
1189,d7c6,Q
1190,d7f5,Q
1191,d7d5,Q
1192,d7b5,Q
1193,d7g4,Q
1194,d7d4,Q
1195,d7a4,Q
1196,d7h3,Q
1197,d7d3,Q
1198,d7d2,Q
1199,d7d1,Q
1200,e7f8,Q
1201,e7e8,Q
1202,e7d8,Q
1203,e7h7,Q
1204,e7g7,Q
1205,e7f7,Q
1206,e7d7,Q
1207,e7c7,Q
1208,e7b7,Q
1209,e7a7,Q
1210,e7f6,Q
1211,e7e6,Q
1212,e7d6,Q
1213,e7g5,Q
1214,e7e5,Q
1215,e7c5,Q
1216,e7h4,Q
1217,e7e4,Q
1218,e7b4,Q
1219,e7e3,Q
1220,e7a3,Q
1221,e7e2,Q
1222,e7e1,Q
1223,f7g8,Q
1224,f7f8,Q
1225,f7e8,Q
1226,f7h7,Q
1227,f7g7,Q
1228,f7e7,Q
1229,f7d7,Q
1230,f7c7,Q
1231,f7b7,Q
1232,f7a7,Q
1233,f7g6,Q
1234,f7f6,Q
1235,f7e6,Q
1236,f7h5,Q
1237,f7f5,Q
1238,f7d5,Q
1239,f7f4,Q
1240,f7c4,Q
1241,f7f3,Q
1242,f7b3,Q
1243,f7f2,Q
1244,f7a2,Q
1245,f7f1,Q
1246,g7h8,Q
1247,g7g8,Q
1248,g7f8,Q
1249,g7h7,Q
1250,g7f7,Q
1251,g7e7,Q
1252,g7d7,Q
1253,g7c7,Q
1254,g7b7,Q
1255,g7a7,Q
1256,g7h6,Q
1257,g7g6,Q
1258,g7f6,Q
1259,g7g5,Q
1260,g7e5,Q
1261,g7g4,Q
1262,g7d4,Q
1263,g7g3,Q
1264,g7c3,Q
1265,g7g2,Q
1266,g7b2,Q
1267,g7g1,Q
1268,g7a1,Q
1269,h7h8,Q
1270,h7g8,Q
1271,h7g7,Q
1272,h7f7,Q
1273,h7e7,Q
1274,h7d7,Q
1275,h7c7,Q
1276,h7b7,Q
1277,h7a7,Q
1278,h7h6,Q
1279,h7g6,Q
1280,h7h5,Q
1281,h7f5,Q
1282,h7h4,Q
1283,h7e4,Q
1284,h7h3,Q
1285,h7d3,Q
1286,h7h2,Q
1287,h7c2,Q
1288,h7h1,Q
1289,h7b1,Q
1290,a8h8,Q
1291,a8g8,Q
1292,a8f8,Q
1293,a8e8,Q
1294,a8d8,Q
1295,a8c8,Q
1296,a8b8,Q
1297,a8b7,Q
1298,a8a7,Q
1299,a8c6,Q
1300,a8a6,Q
1301,a8d5,Q
1302,a8a5,Q
1303,a8e4,Q
1304,a8a4,Q
1305,a8f3,Q
1306,a8a3,Q
1307,a8g2,Q
1308,a8a2,Q
1309,a8h1,Q
1310,a8a1,Q
1311,b8h8,Q
1312,b8g8,Q
1313,b8f8,Q
1314,b8e8,Q
1315,b8d8,Q
1316,b8c8,Q
1317,b8a8,Q
1318,b8c7,Q
1319,b8b7,Q
1320,b8a7,Q
1321,b8d6,Q
1322,b8b6,Q
1323,b8e5,Q
1324,b8b5,Q
1325,b8f4,Q
1326,b8b4,Q
1327,b8g3,Q
1328,b8b3,Q
1329,b8h2,Q
1330,b8b2,Q
1331,b8b1,Q
1332,c8h8,Q
1333,c8g8,Q
1334,c8f8,Q
1335,c8e8,Q
1336,c8d8,Q
1337,c8b8,Q
1338,c8a8,Q
1339,c8d7,Q
1340,c8c7,Q
1341,c8b7,Q
1342,c8e6,Q
1343,c8c6,Q
1344,c8a6,Q
1345,c8f5,Q
1346,c8c5,Q
1347,c8g4,Q
1348,c8c4,Q
1349,c8h3,Q
1350,c8c3,Q
1351,c8c2,Q
1352,c8c1,Q
1353,d8h8,Q
1354,d8g8,Q
1355,d8f8,Q
1356,d8e8,Q
1357,d8c8,Q
1358,d8b8,Q
1359,d8a8,Q
1360,d8e7,Q
1361,d8d7,Q
1362,d8c7,Q
1363,d8f6,Q
1364,d8d6,Q
1365,d8b6,Q
1366,d8g5,Q
1367,d8d5,Q
1368,d8a5,Q
1369,d8h4,Q
1370,d8d4,Q
1371,d8d3,Q
1372,d8d2,Q
1373,d8d1,Q
1374,e8h8,Q
1375,e8g8,Q
1376,e8f8,Q
1377,e8d8,Q
1378,e8c8,Q
1379,e8b8,Q
1380,e8a8,Q
1381,e8f7,Q
1382,e8e7,Q
1383,e8d7,Q
1384,e8g6,Q
1385,e8e6,Q
1386,e8c6,Q
1387,e8h5,Q
1388,e8e5,Q
1389,e8b5,Q
1390,e8e4,Q
1391,e8a4,Q
1392,e8e3,Q
1393,e8e2,Q
1394,e8e1,Q
1395,f8h8,Q
1396,f8g8,Q
1397,f8e8,Q
1398,f8d8,Q
1399,f8c8,Q
1400,f8b8,Q
1401,f8a8,Q
1402,f8g7,Q
1403,f8f7,Q
1404,f8e7,Q
1405,f8h6,Q
1406,f8f6,Q
1407,f8d6,Q
1408,f8f5,Q
1409,f8c5,Q
1410,f8f4,Q
1411,f8b4,Q
1412,f8f3,Q
1413,f8a3,Q
1414,f8f2,Q
1415,f8f1,Q
1416,g8h8,Q
1417,g8f8,Q
1418,g8e8,Q
1419,g8d8,Q
1420,g8c8,Q
1421,g8b8,Q
1422,g8a8,Q
1423,g8h7,Q
1424,g8g7,Q
1425,g8f7,Q
1426,g8g6,Q
1427,g8e6,Q
1428,g8g5,Q
1429,g8d5,Q
1430,g8g4,Q
1431,g8c4,Q
1432,g8g3,Q
1433,g8b3,Q
1434,g8g2,Q
1435,g8a2,Q
1436,g8g1,Q
1437,h8g8,Q
1438,h8f8,Q
1439,h8e8,Q
1440,h8d8,Q
1441,h8c8,Q
1442,h8b8,Q
1443,h8a8,Q
1444,h8h7,Q
1445,h8g7,Q
1446,h8h6,Q
1447,h8f6,Q
1448,h8h5,Q
1449,h8e5,Q
1450,h8h4,Q
1451,h8d4,Q
1452,h8h3,Q
1453,h8c3,Q
1454,h8h2,Q
1455,h8b2,Q
1456,h8h1,Q
1457,h8a1,Q
1458,a1b3,N
1459,a1c2,N
1460,b1c3,N
1461,b1a3,N
1462,b1d2,N
1463,c1d3,N
1464,c1b3,N
1465,c1e2,N
1466,c1a2,N
1467,d1e3,N
1468,d1c3,N
1469,d1f2,N
1470,d1b2,N
1471,e1f3,N
1472,e1d3,N
1473,e1g2,N
1474,e1c2,N
1475,f1g3,N
1476,f1e3,N
1477,f1h2,N
1478,f1d2,N
1479,g1h3,N
1480,g1f3,N
1481,g1e2,N
1482,h1g3,N
1483,h1f2,N
1484,a2b4,N
1485,a2c3,N
1486,a2c1,N
1487,b2c4,N
1488,b2a4,N
1489,b2d3,N
1490,b2d1,N
1491,c2d4,N
1492,c2b4,N
1493,c2e3,N
1494,c2a3,N
1495,c2e1,N
1496,c2a1,N
1497,d2e4,N
1498,d2c4,N
1499,d2f3,N
1500,d2b3,N
1501,d2f1,N
1502,d2b1,N
1503,e2f4,N
1504,e2d4,N
1505,e2g3,N
1506,e2c3,N
1507,e2g1,N
1508,e2c1,N
1509,f2g4,N
1510,f2e4,N
1511,f2h3,N
1512,f2d3,N
1513,f2h1,N
1514,f2d1,N
1515,g2h4,N
1516,g2f4,N
1517,g2e3,N
1518,g2e1,N
1519,h2g4,N
1520,h2f3,N
1521,h2f1,N
1522,a3b5,N
1523,a3c4,N
1524,a3c2,N
1525,a3b1,N
1526,b3c5,N
1527,b3a5,N
1528,b3d4,N
1529,b3d2,N
1530,b3c1,N
1531,b3a1,N
1532,c3d5,N
1533,c3b5,N
1534,c3e4,N
1535,c3a4,N
1536,c3e2,N
1537,c3a2,N
1538,c3d1,N
1539,c3b1,N
1540,d3e5,N
1541,d3c5,N
1542,d3f4,N
1543,d3b4,N
1544,d3f2,N
1545,d3b2,N
1546,d3e1,N
1547,d3c1,N
1548,e3f5,N
1549,e3d5,N
1550,e3g4,N
1551,e3c4,N
1552,e3g2,N
1553,e3c2,N
1554,e3f1,N
1555,e3d1,N
1556,f3g5,N
1557,f3e5,N
1558,f3h4,N
1559,f3d4,N
1560,f3h2,N
1561,f3d2,N
1562,f3g1,N
1563,f3e1,N
1564,g3h5,N
1565,g3f5,N
1566,g3e4,N
1567,g3e2,N
1568,g3h1,N
1569,g3f1,N
1570,h3g5,N
1571,h3f4,N
1572,h3f2,N
1573,h3g1,N
1574,a4b6,N
1575,a4c5,N
1576,a4c3,N
1577,a4b2,N
1578,b4c6,N
1579,b4a6,N
1580,b4d5,N
1581,b4d3,N
1582,b4c2,N
1583,b4a2,N
1584,c4d6,N
1585,c4b6,N
1586,c4e5,N
1587,c4a5,N
1588,c4e3,N
1589,c4a3,N
1590,c4d2,N
1591,c4b2,N
1592,d4e6,N
1593,d4c6,N
1594,d4f5,N
1595,d4b5,N
1596,d4f3,N
1597,d4b3,N
1598,d4e2,N
1599,d4c2,N
1600,e4f6,N
1601,e4d6,N
1602,e4g5,N
1603,e4c5,N
1604,e4g3,N
1605,e4c3,N
1606,e4f2,N
1607,e4d2,N
1608,f4g6,N
1609,f4e6,N
1610,f4h5,N
1611,f4d5,N
1612,f4h3,N
1613,f4d3,N
1614,f4g2,N
1615,f4e2,N
1616,g4h6,N
1617,g4f6,N
1618,g4e5,N
1619,g4e3,N
1620,g4h2,N
1621,g4f2,N
1622,h4g6,N
1623,h4f5,N
1624,h4f3,N
1625,h4g2,N
1626,a5b7,N
1627,a5c6,N
1628,a5c4,N
1629,a5b3,N
1630,b5c7,N
1631,b5a7,N
1632,b5d6,N
1633,b5d4,N
1634,b5c3,N
1635,b5a3,N
1636,c5d7,N
1637,c5b7,N
1638,c5e6,N
1639,c5a6,N
1640,c5e4,N
1641,c5a4,N
1642,c5d3,N
1643,c5b3,N
1644,d5e7,N
1645,d5c7,N
1646,d5f6,N
1647,d5b6,N
1648,d5f4,N
1649,d5b4,N
1650,d5e3,N
1651,d5c3,N
1652,e5f7,N
1653,e5d7,N
1654,e5g6,N
1655,e5c6,N
1656,e5g4,N
1657,e5c4,N
1658,e5f3,N
1659,e5d3,N
1660,f5g7,N
1661,f5e7,N
1662,f5h6,N
1663,f5d6,N
1664,f5h4,N
1665,f5d4,N
1666,f5g3,N
1667,f5e3,N
1668,g5h7,N
1669,g5f7,N
1670,g5e6,N
1671,g5e4,N
1672,g5h3,N
1673,g5f3,N
1674,h5g7,N
1675,h5f6,N
1676,h5f4,N
1677,h5g3,N
1678,a6b8,N
1679,a6c7,N
1680,a6c5,N
1681,a6b4,N
1682,b6c8,N
1683,b6a8,N
1684,b6d7,N
1685,b6d5,N
1686,b6c4,N
1687,b6a4,N
1688,c6d8,N
1689,c6b8,N
1690,c6e7,N
1691,c6a7,N
1692,c6e5,N
1693,c6a5,N
1694,c6d4,N
1695,c6b4,N
1696,d6e8,N
1697,d6c8,N
1698,d6f7,N
1699,d6b7,N
1700,d6f5,N
1701,d6b5,N
1702,d6e4,N
1703,d6c4,N
1704,e6f8,N
1705,e6d8,N
1706,e6g7,N
1707,e6c7,N
1708,e6g5,N
1709,e6c5,N
1710,e6f4,N
1711,e6d4,N
1712,f6g8,N
1713,f6e8,N
1714,f6h7,N
1715,f6d7,N
1716,f6h5,N
1717,f6d5,N
1718,f6g4,N
1719,f6e4,N
1720,g6h8,N
1721,g6f8,N
1722,g6e7,N
1723,g6e5,N
1724,g6h4,N
1725,g6f4,N
1726,h6g8,N
1727,h6f7,N
1728,h6f5,N
1729,h6g4,N
1730,a7c8,N
1731,a7c6,N
1732,a7b5,N
1733,b7d8,N
1734,b7d6,N
1735,b7c5,N
1736,b7a5,N
1737,c7e8,N
1738,c7a8,N
1739,c7e6,N
1740,c7a6,N
1741,c7d5,N
1742,c7b5,N
1743,d7f8,N
1744,d7b8,N
1745,d7f6,N
1746,d7b6,N
1747,d7e5,N
1748,d7c5,N
1749,e7g8,N
1750,e7c8,N
1751,e7g6,N
1752,e7c6,N
1753,e7f5,N
1754,e7d5,N
1755,f7h8,N
1756,f7d8,N
1757,f7h6,N
1758,f7d6,N
1759,f7g5,N
1760,f7e5,N
1761,g7e8,N
1762,g7e6,N
1763,g7h5,N
1764,g7f5,N
1765,h7f8,N
1766,h7f6,N
1767,h7g5,N
1768,a8c7,N
1769,a8b6,N
1770,b8d7,N
1771,b8c6,N
1772,b8a6,N
1773,c8e7,N
1774,c8a7,N
1775,c8d6,N
1776,c8b6,N
1777,d8f7,N
1778,d8b7,N
1779,d8e6,N
1780,d8c6,N
1781,e8g7,N
1782,e8c7,N
1783,e8f6,N
1784,e8d6,N
1785,f8h7,N
1786,f8d7,N
1787,f8g6,N
1788,f8e6,N
1789,g8e7,N
1790,g8h6,N
1791,g8f6,N
1792,h8f7,N
1793,h8g6,N
1794,a7b8q,P
1795,a7b8r,P
1796,a7b8b,P
1797,a7b8n,P
1798,a7a8q,P
1799,a7a8r,P
1800,a7a8b,P
1801,a7a8n,P
1802,b7c8q,P
1803,b7c8r,P
1804,b7c8b,P
1805,b7c8n,P
1806,b7a8q,P
1807,b7a8r,P
1808,b7a8b,P
1809,b7a8n,P
1810,b7b8q,P
1811,b7b8r,P
1812,b7b8b,P
1813,b7b8n,P
1814,c7d8q,P
1815,c7d8r,P
1816,c7d8b,P
1817,c7d8n,P
1818,c7b8q,P
1819,c7b8r,P
1820,c7b8b,P
1821,c7b8n,P
1822,c7c8q,P
1823,c7c8r,P
1824,c7c8b,P
1825,c7c8n,P
1826,d7e8q,P
1827,d7e8r,P
1828,d7e8b,P
1829,d7e8n,P
1830,d7c8q,P
1831,d7c8r,P
1832,d7c8b,P
1833,d7c8n,P
1834,d7d8q,P
1835,d7d8r,P
1836,d7d8b,P
1837,d7d8n,P
1838,e7f8q,P
1839,e7f8r,P
1840,e7f8b,P
1841,e7f8n,P
1842,e7d8q,P
1843,e7d8r,P
1844,e7d8b,P
1845,e7d8n,P
1846,e7e8q,P
1847,e7e8r,P
1848,e7e8b,P
1849,e7e8n,P
1850,f7g8q,P
1851,f7g8r,P
1852,f7g8b,P
1853,f7g8n,P
1854,f7e8q,P
1855,f7e8r,P
1856,f7e8b,P
1857,f7e8n,P
1858,f7f8q,P
1859,f7f8r,P
1860,f7f8b,P
1861,f7f8n,P
1862,g7h8q,P
1863,g7h8r,P
1864,g7h8b,P
1865,g7h8n,P
1866,g7f8q,P
1867,g7f8r,P
1868,g7f8b,P
1869,g7f8n,P
1870,g7g8q,P
1871,g7g8r,P
1872,g7g8b,P
1873,g7g8n,P
1874,h7g8q,P
1875,h7g8r,P
1876,h7g8b,P
1877,h7g8n,P
1878,h7h8q,P
1879,h7h8r,P
1880,h7h8b,P
1881,h7h8n,P
